,region,Diabetes_100,Diabetes_101,Diabetes_102,Diabetes_103,Diabetes_104,Diabetes_105,Diabetes_106,Diabetes_107,Diabetes_108
0,101,0.6374850929964111,0.6274511865564126,0.6643880207268167,0.6479850513053923,0.6218433875153573,0.6327572400616857,0.625559250403647,0.6232755091839352,0.6227408973215308
1,102,0.6612942486258001,0.6411107010555939,0.6615357068789249,0.6709586096118771,0.6519174398028793,0.6621367791055054,0.6477079846986484,0.623630314052643,0.6501740043211315
2,109,0.6713960189634905,0.6531066314670569,0.6654367262043724,0.6477079846986484,0.6393145546622431,0.6406647214842972,0.6091606648645339,0.601265600593968,0.6087496824068391
3,110,0.6176062843720146,0.6298077816876629,0.6091606648645339,0.6125865577521188,0.5943651899334196,0.6097739454753555,0.5811261395777388,0.599245687402332,0.5775188081231895
4,111,0.5571902296828305,0.5677213580332378,0.5529319145722782,0.5453988163855195,0.5088667580915484,0.5595919119165967,0.5259961692126031,0.5328965798731515,0.5564931550703033
5,112,0.5473367106869138,0.5532938806560853,0.5315545775778089,0.5514706189983617,0.5159737837058733,0.5368163929072258,0.5111085738450425,0.5154449049741715,0.5250385340481859
6,115,0.6370223760548877,0.653237883179231,0.6541517871759425,0.6353069302575343,0.6465918692859642,0.6246871346677297,0.6176062843720146,0.6213009352930947,0.6162797523128262
7,116,0.6119905701555052,0.6370223760548877,0.6324338442075744,0.6367126877403751,0.6245117823599564,0.6200234900000755,0.6181693818888452,0.5914639323310671,0.6259059489930896
8,117,0.6294745528330722,0.650038608765013,0.6562094502630333,0.6481232933001931,0.6447508059114978,0.6457464157055979,0.6451787269607476,0.6101806909884261,0.6203901656905464
9,118,0.6408136055082548,0.6415546732101736,0.653237883179231,0.645887828844006,0.6564636659891776,0.6559545776479778,0.6393145546622431,0.583813925694988,0.6036794966341635
10,119,0.677015689387593,0.6546702411798219,0.6479850513053923,0.6573482965569514,0.64894870102191,0.6493588290437563,0.6311295521824835,0.6364020240279864,0.6089553876892047
11,120,0.6047574925787925,0.6008202921755493,0.6085435472280638,0.5981053782032808,0.5789218993093255,0.5805796803010935,0.5683436670195586,0.5843428044266898,0.5507317717448103
12,301,0.604971685164906,0.5921972862456877,0.5848688624584145,0.617417868560864,0.46541218972010867,0.5170231089974083,0.5111085738450425,0.5195985985838913,0.5206102551153182
13,302,0.632918541237689,0.5999235982986254,0.5882215078545239,0.6030269982426739,0.38387221367368524,0.4005044240380264,0.3858649207840168,0.38781816574253397,0.37764052182637575
14,303,0.713048325616393,0.6909310682251775,0.6933186007242524,0.6859753050928311,0.5921972862456877,0.5929252279049836,0.5813982380872444,0.6155136463477169,0.6105857660840068
15,304,0.6907518935216945,0.6702988369368823,0.6101806909884261,0.6850296061212011,0.5532938806560853,0.538509750327565,0.5557911190308924,0.5695766286632183,0.5609384945665872
16,305,0.5866882803951102,0.6289725891688401,0.565511827146262,0.6243361177593952,0.30488697273767773,0.3478248524098286,0.3638550121940497,0.3478248524098286,0.3732559934584943
17,306,0.5401745265072473,0.5710964683965012,0.5457894531224206,0.5503602622768203,0.20510706216244956,0.15874795003160008,0.19193610683684256,0.22711697075241663,0.2365179520168612
18,307,0.6176062843720146,0.5957844323635977,0.6170399537416803,0.6170399537416803,0.6917333508446973,0.7513341402691117,0.6663596395776507,0.7180003241012267,0.7280792162619647
19,308,0.5547286062739798,0.5453988163855195,0.5561427616391399,0.5674087249754866,0.6293075152874037,0.5971835430155358,0.5778010276208594,0.5931666861581084,0.5805796803010935
20,309,0.5450066264169519,0.5446128708156169,0.49156126424510344,0.5154449049741715,0.5710964683965012,0.5568423081681421,0.5827475839888253,0.5405863669683881,0.6137678371063361
21,310,0.4860028558798977,0.5264715226489869,0.5346579775218574,0.49618049979605583,0.6593410036672829,0.6665890249069504,0.6324338442075744,0.637638850856299,0.6541517871759425
22,311,0.6107876815017942,0.6277913098146229,0.6301398885574547,0.5996981452927105,0.4935674821625439,0.4838349521921659,0.46541218972010867,0.4627341343429793,0.5054055030528141
23,312,0.711534705420734,0.6854089744624969,0.6917333508446973,0.6319467536021744,0.30927150110555923,0.4231922435242869,0.4117433897973209,0.381838416936788,0.38781816574253397
24,313,0.6194709078985644,0.677015689387593,0.6467320763417604,0.6399169116313307,0.4808682429303815,0.48236275102399373,0.46801945113715937,0.4935674821625439,0.49618049979605583
25,314,0.7979415906153923,0.7051592217438797,0.7559777899957185,0.661776575489819,0.3732559934584943,0.3354793048059385,0.30488697273767773,0.37764052182637575,0.279455831689012
26,315,0.5704913398289211,0.6145475696028124,0.5964864684030088,0.6135719370476123,0.5571902296828305,0.5283503536868532,0.510552878588509,0.4974615002314332,0.5359586862231034
27,316,0.4867150297113053,0.4993523373124212,0.5094320069000429,0.4808682429303815,0.5159737837058733,0.5492372636511981,0.5547286062739798,0.5543718766007143,0.5557911190308924
28,317,0.610989184426102,0.5543718766007143,0.5230949116102505,0.5766672720676793,0.6694122184085078,0.6843621801526625,0.6690776709521955,0.6980936006767268,0.6985089092782713
29,318,0.6264237226080106,0.6176062843720146,0.5789218993093255,0.6364020240279864,0.6723731549946416,0.6192860237823067,0.6200234900000755,0.6179820396727075,0.6291401943869842
30,319,0.5606035684480236,0.5154449049741715,0.55993028496592,0.5648713336804653,0.6456047995331813,0.644607752010941,0.659217631984977,0.6486743318682407,0.6581002873440213
31,320,0.5760954696133137,0.5571902296828305,0.5606035684480236,0.5240715101540525,0.6483991973881867,0.6127844227074268,0.6309652962791718,0.623983847216585,0.6645050956926618
32,321,0.3354793048059385,0.2954859914732332,0.26711028408512205,0.3174959000632002,0.538089128593581,0.5154449049741715,0.4808682429303815,0.47858314504571564,0.4627341343429793
33,322,0.6750377051143878,0.7203529042090272,0.6447508059114978,0.6667035178358178,0.2850936888278603,0.2850936888278603,0.3213644604865373,0.15874795003160008,0.21672466810704374
34,323,0.649767258808061,0.6198396397191782,0.6402167162607616,0.6271098863987705,0.3638550121940497,0.381838416936788,0.39878897824067305,0.36866746161118097,0.37764052182637575
35,324,0.658474143687278,0.6988399016933848,0.6833041572157672,0.6541517871759425,0.4571494930927401,0.4491745942187512,0.4831015982775451,0.4491745942187512,0.4867150297113053
36,325,0.5904775676398629,0.6227408973215308,0.6135719370476123,0.6111902765388619,0.44600954254719233,0.4218317302694934,0.41473257755672854,0.39878897824067305,0.4271646856287842
37,326,0.6311295521824835,0.5964864684030088,0.6220235439985818,0.6478466152866755,0.4231922435242869,0.507151312294195,0.5048166317685404,0.4867150297113053,0.5042242236985969
38,327,0.5811261395777388,0.5813982380872444,0.5543718766007143,0.601265600593968,0.4618250436021988,0.524556207184167,0.5226029622256498,0.5226029622256498,0.5226029622256498
39,328,0.5547286062739798,0.566148188367391,0.5978757258361039,0.5609384945665872,0.45324262012390504,0.3858649207840168,0.43703648233199754,0.3897334812073538,0.43222403291486616
40,329,0.5393456506451265,0.5683436670195586,0.5737745237736306,0.5701873776557208,0.5240715101540525,0.4902007509903099,0.489513391782582,0.46972010787276464,0.49618049979605583
41,501,0.6980936006767268,0.6813509122572501,0.7088846331107395,0.7303858780521038,0.5311031550637958,0.5532938806560853,0.5099940349001274,0.5143785632680088,0.5099940349001274
42,502,0.7702991624577865,0.7731789519858512,0.8144981543412037,0.805508043884455,0.43465960473740245,0.43222403291486616,0.455215398827836,0.43585520297778035,0.4231922435242869
43,503,0.7269053362646405,0.8086781083765129,0.7790282560703837,0.8054520009016153,0.6230976269947963,0.6341995416730662,0.5235844195486525,0.5819401935558871,0.6162797523128262
44,504,0.7625574299665572,0.7795398908077856,0.7848958649879847,0.7939289490276691,0.5529319145722782,0.578642873247313,0.5686533553340711,0.5585697717111264,0.5816695880441964
45,505,0.7300854341794052,0.769454914960032,0.7856867424635432,0.7585814289569903,0.47702979566470294,0.49156126424510344,0.46452755915233496,0.5206102551153182,0.47465291807010773
46,506,0.7365489776524595,0.7208828485175058,0.7180003241012267,0.7200868604950881,0.7866749814323352,0.8494998435532948,0.8414118027747736,0.7915374714377547,0.781596001787509
47,507,0.7143980602505652,0.7129767727317575,0.7060078715771155,0.6978435735538887,0.8338697435118175,0.83068801696648,0.8453424859902933,0.8385680556224012,0.8460693273026796
48,508,0.8081613341913182,0.8117231549007391,0.8081613341913182,0.8145748439761239,0.3587956649079676,0.3587956649079676,0.3638550121940497,0.38387221367368524,0.3286741482784757
49,509,0.797790239278124,0.7932968696640913,0.8102924757904918,0.8081613341913182,0.748479216654805,0.7165613624292507,0.7023296386263266,0.7727112988910363,0.7097019576506972
50,510,0.8086781083765129,0.8474155952325464,0.7976083105813377,0.8509418848356443,0.6835938362702162,0.6973416098896568,0.6848393733772887,0.6448936526376149,0.6572224054777756
51,511,0.8284713922863304,0.8433394710676148,0.8049179983732762,0.8203077702579485,0.7863353266643877,0.8041257399199419,0.7743768922979322,0.8066499630434861,0.758761585440215
52,512,0.773644398294188,0.7886887086819647,0.7848958649879847,0.8218151484773784,0.4502074376576045,0.4888212089620139,0.503028625458219,0.4867150297113053,0.46972010787276464
53,513,0.8377835526108294,0.8400988622888501,0.7571739458981948,0.8000956848982191,0.5159737837058733,0.5446128708156169,0.46801945113715937,0.489513391782582,0.5159737837058733
54,514,0.7092569840517744,0.7009646953947903,0.6932311965119363,0.70193014173697,0.573185652489357,0.5625962755583552,0.5692698301354825,0.5514706189983617,0.5164998417375979
55,515,0.8659773313021543,0.8446856007444571,0.8117231549007391,0.8117231549007391,0.3174959000632002,0.279455831689012,0.2529954397657207,0.3213644604865373,0.3478248524098286
56,516,0.8363801142206045,0.8432248672818974,0.8153131191397373,0.8290026448119416,0.2850936888278603,0.3534627095486768,0.338713550199833,0.2850936888278603,0.26711028408512205
57,517,0.823416717571705,0.8146770041583735,0.8180889536988831,0.7771790146701099,0.614158473843237,0.6107876815017942,0.652050282445376,0.6238072390276934,0.638404065300476
58,518,0.7968772215235419,0.8598903528069614,0.8519966335832321,0.8240687025046289,0.7753324863556312,0.7339794522482945,0.7177278497645729,0.7282632952836241,0.7232329817281666
59,519,0.882585468491566,0.0,0.8504990554703773,0.8446856007444571,0.6864447759798085,0.7698578389155282,0.7350725385566345,0.7363232666909352,0.7555138397182005
60,520,0.7317562533923071,0.7790282560703837,0.7221301711598579,0.7799037261415506,0.7608541375904023,0.7744920536036518,0.8180889536988831,0.7930428993991705,0.7350725385566345
61,521,0.7306255759760062,0.7737217595900316,0.8133923331310159,0.7686847950438075,0.7863693448220432,0.802896530321745,0.7853436616058451,0.7309840342038767,0.729542318200689
62,522,0.7317562533923071,0.6481232933001931,0.8532648857088012,0.8284713922863304,0.6917333508446973,0.661776575489819,0.6304708809725683,0.6856925462356125,0.6813509122572501
63,523,0.8110633822257443,0.7657525586226431,0.7652060993459978,0.8191436281331118,0.7497199329780665,0.7797583530170125,0.774683690825668,0.7732955196344127,0.7433541341799225
64,524,0.7848958649879847,0.7165613624292507,0.8000956848982191,0.8846789140771626,0.6115912350062219,0.6166605854003846,0.524556207184167,0.587202008885304,0.5143785632680088
65,525,0.8000956848982191,0.7449198122463014,0.745847427049933,0.7097019576506972,0.7385574652039325,0.7753324863556312,0.782908089783309,0.782908089783309,0.7317562533923071
66,526,0.8474155952325464,0.7638479278404037,0.8552979778676164,0.778107969051544,0.6289725891688401,0.5578824125033987,0.6087496824068391,0.543422083952872,0.565511827146262
67,527,0.685219472680587,0.6923528679374015,0.6408136055082548,0.6460290395297487,0.8448361320932379,0.8559720665814029,0.8328983719770725,0.8154904986429063,0.7942120686047031
68,528,0.6528436029188032,0.6349918001264004,0.6330795790647163,0.6669321057646483,0.8479999962586361,0.857372833041215,0.8418778905747967,0.8869376549259781,0.8745610193319208
69,529,0.7354722204522924,0.743983390841347,0.7679906062949903,0.8099717091756202,0.7552344184346088,0.7803024009884018,0.8592426036581867,0.8504990554703773,0.8078882563669914
70,530,0.8400988622888501,0.8864579744196995,0.7497199329780665,0.8180889536988831,0.6207554833197939,0.6890333014015242,0.6813509122572501,0.6890333014015242,0.7264068606761459
71,531,0.605611486200476,0.600372964210911,0.61238829507804,0.625559250403647,0.0,0.0,0.0,0.0,0.0
72,532,0.6914666477156128,0.6657838314792164,0.6794588024500231,0.6784481824700729,0.8190704110218857,0.8113014091073913,0.836236614344933,0.8304490054785427,0.8111692428714242
73,533,0.7142568495648225,0.7355861184408657,0.7616439290203703,0.7263443737262293,0.7870134706016699,0.7958939296705128,0.8035844888012936,0.8141394788654436,0.8000956848982191
74,534,0.7899759246208641,0.8086781083765129,0.7375583336171825,0.7558851743577925,0.885154810707746,0.8559720665814029,0.8701372823277961,0.8624396311187706,0.8400988622888501
75,535,0.7383916445196371,0.721080845868323,0.6999080199302095,0.7129767727317575,0.9030653101591645,0.8956345286313618,0.8832245509861065,0.8650013367252573,0.8680197989236023
76,537,0.7696162821079159,0.7612936911125835,0.7508965152848701,0.7511884809064692,0.8934076905784726,0.8870602750898858,0.8788348105266882,0.8737228697158307,0.885254707561095
77,538,0.6509824977588072,0.6253854430509304,0.6187292829976369,0.6349918001264004,0.8974930089600832,0.8049179983732762,0.8886767909787651,0.0,0.8163224464135878
78,701,0.6070884111849918,0.6101806909884261,0.6207554833197939,0.6038960404031227,0.8246702823252572,0.825634380571008,0.8320886559173225,0.849230469747789,0.8435873234088889
79,702,0.643889353735828,0.6319467536021744,0.6164703526564723,0.6433108438830617,0.5869454790992377,0.5953136169248289,0.6151283503611296,0.5946031530093805,0.6010431976876913
80,703,0.7693741322797227,0.7565316649961584,0.7324049804653768,0.7409580087274958,0.653237883179231,0.6866319404518013,0.6779389627167404,0.6587225963303422,0.7007218500185844
81,704,0.7533035563313859,0.741709726606539,0.7686033789045218,0.7497199329780665,0.5990186777574923,0.5950773637648272,0.5803053111474242,0.587202008885304,0.5985630850438318
82,705,0.5811261395777388,0.5707943681690889,0.5983344971150013,0.5746512908545629,0.7597911477192915,0.7660455567290367,0.724959549296157,0.742667878581653,0.714044653755889
83,706,0.5846061841483222,0.5840787195376254,0.5622669408712802,0.5363884718579759,0.24510037549515487,0.2603051275576591,0.279455831689012,0.2365179520168612,0.279455831689012
84,707,0.5897312666232049,0.6062471638924657,0.6370223760548877,0.622203372028601,0.7629032169890397,0.7973347868120648,0.777477233029237,0.7380036420356011,0.8017973533774734
85,708,0.5568423081681421,0.5874578732237072,0.5728898932058569,0.5099940349001274,0.4974615002314332,0.49156126424510344,0.4860028558798977,0.455215398827836,0.49156126424510344
86,709,0.673019242329662,0.6993343169999883,0.6405156123899229,0.6493588290437563,0.5372424654796595,0.558911663378024,0.5635777328813579,0.5760954696133137,0.5532938806560853
87,710,0.6248621757911198,0.6583496822863547,0.6813509122572501,0.6859753050928311,0.4416250141793108,0.4416250141793108,0.4571494930927401,0.455215398827836,0.4590463909219646
88,711,0.7349007492874139,0.7489773775477767,0.7264068606761459,0.7324049804653768,0.6771187031276555,0.711170870086969,0.7252759937355095,0.6564636659891776,0.7005596202992097
89,712,0.638404065300476,0.7194185947468428,0.6802599085564235,0.6750377051143878,0.723811868831127,0.7519146361897084,0.7367179225646925,0.7307452068543999,0.761118104689456
90,713,0.7848958649879847,0.833300750913145,0.8552979778676164,0.8836821398605538,0.4502074376576045,0.49809581526087576,0.49872607713146977,0.4929032665404461,0.4762438500948004
91,714,0.768113465742651,0.7285082008027253,0.7476768887157651,0.7596128636271118,0.4070825709206496,0.42585823411672213,0.43585520297778035,0.4245342458196296,0.37764052182637575
92,715,0.747273264021001,0.7579482772826869,0.7527790242184859,0.7188132598606928,0.7524917357227346,0.7649105932272537,0.7265940843587001,0.7442444009093585,0.7393276303326937
93,716,0.6603224609902857,0.6308007663875708,0.5899806615655381,0.5904775676398629,0.38781816574253397,0.36135777381924267,0.36866746161118097,0.34488028607038307,0.36866746161118097
94,717,0.8269279069632431,0.8380658875122542,0.796079045108916,0.7944630500305645,0.44493154660256334,0.4117433897973209,0.41324930679119964,0.4161938731306451,0.4117433897973209
95,718,0.7097019576506972,0.7497199329780665,0.7277100243880994,0.7012875619585055,0.4874220983100757,0.4571494930927401,0.43098331659160466,0.34488028607038307,0.4874220983100757
96,719,0.7208828485175058,0.700315774322991,0.6276213947904431,0.7702991624577865,0.4070825709206496,0.40384832552675504,0.3897334812073538,0.37764052182637575,0.44493154660256334
97,720,0.7109519229445825,0.6997444450218345,0.7325811680331719,0.6813509122572501,0.6379456493840349,0.6213009352930947,0.6353069302575343,0.5869454790992377,0.6041121098151434
98,721,0.5525686152770503,0.5707943681690889,0.5514706189983617,0.5342205681702441,0.6179820396727075,0.6234530711529384,0.6688540072573907,0.6312935350085233,0.578642873247313
99,722,0.5772357788123648,0.6025895888910606,0.6081299799674877,0.6481232933001931,0.4218317302694934,0.3638550121940497,0.38387221367368524,0.44384163885946043,0.4176338351590812
100,723,0.4054787039215572,0.5695766286632183,0.4999746462987421,0.533339886898667,0.6609309493305723,0.6935803496097751,0.661776575489819,0.6481232933001931,0.6010431976876913
101,724,0.7425618757265883,0.7613375389226608,0.8150337338316389,0.7517215168971907,0.5843428044266898,0.6460290395297487,0.6434557897535897,0.6269387924319431,0.5929252279049836
102,726,0.2603051275576591,0.19193610683684256,0.2954859914732332,0.2529954397657207,0.5635777328813579,0.45618718646335055,0.6062471638924657,0.5149131751304131,0.5983344971150013
103,728,0.7651217593261996,0.7329910525826508,0.7694145318900127,0.7561627607899999,0.8227603943040872,0.8428802548101184,0.8300566421658855,0.8368705348562472,0.83068801696648
104,729,0.6528436029188032,0.6664743989240973,0.6087496824068391,0.6430203115753794,0.0,0.0,0.0,0.0,0.0
105,730,0.5716979071328074,0.5766672720676793,0.5575369282722731,0.5648713336804653,0.7364925983156034,0.7489276745247322,0.7329910525826508,0.7035972627833963,0.738723007587648
106,731,0.5582266908534286,0.55993028496592,0.5619365028833605,0.5461785488819959,0.7431961907560307,0.7465119869169886,0.707532409610722,0.7327570414476332,0.7203529042090272
107,732,0.6739805069212925,0.6618967895780017,0.6595872850615124,0.6640359597445603,0.0,0.0,0.0,0.0,0.0
108,733,0.7159381797144305,0.7176596134096243,0.6494951602985554,0.6929685182018442,0.0,0.0,0.0,0.0,0.0
109,734,0.687191312350658,0.7208828485175058,0.7177960389460957,0.7153809146889462,0.39526590204846135,0.37976180029596485,0.4054787039215572,0.3754726181386439,0.4404977373707318
110,735,0.6977600901404037,0.7039900775086416,0.6899415550303398,0.7147502050271165,0.6892156224278242,0.6715050688885223,0.6711775567542637,0.6598329530518836,0.6700779283402999
111,736,0.5996981452927105,0.6014875031558261,0.5772357788123648,0.5941266513718297,0.7589414134702341,0.7561165506007527,0.7767299897043075,0.724642086366348,0.7460523843125508
112,737,0.7403090876556964,0.6987572576607792,0.7258430478838865,0.6797599802325573,0.5792001382727975,0.5869454790992377,0.6200234900000755,0.5846061841483222,0.587713075557908
113,738,0.538089128593581,0.5230949116102505,0.4867150297113053,0.5012076079424018,0.6888506427435012,0.6787524572012733,0.6527118251475064,0.7024093442041137,0.664972010870565
114,1101,0.3732559934584943,0.43098331659160466,0.44600954254719233,0.4271646856287842,0.4599813329660367,0.42845405885370386,0.43098331659160466,0.4102141243248991,0.42845405885370386
115,1102,0.447075884253355,0.4801124105181374,0.5005930536356827,0.46972010787276464,0.4599813329660367,0.4801124105181374,0.4808682429303815,0.49156126424510344,0.5116611559465536
116,1103,0.587967619304708,0.5054055030528141,0.5960190000060003,0.5728898932058569,0.5698824758761631,0.4845628938514617,0.5827475839888253,0.5851308430829307,0.5978757258361039
117,1104,0.6274511865564126,0.6554428481103105,0.6450362927884958,0.6789547868048234,0.6884843075140644,0.6793582051469185,0.6593410036672829,0.6525798710848242,0.6773244084100213
118,1105,0.6107876815017942,0.6379456493840349,0.6513842728444462,0.6286365219028646,0.6477079846986484,0.6428747238778859,0.6676147081231485,0.5819401935558871,0.6301398885574547
119,1106,0.5619365028833605,0.5457894531224206,0.5701873776557208,0.578642873247313,0.5473367106869138,0.5758083205105278,0.5843428044266898,0.5701873776557208,0.5350934557000678
120,1107,0.5557911190308924,0.5481013319356557,0.5948405433698034,0.5269445962040123,0.538089128593581,0.5813982380872444,0.5127571188569223,0.5503602622768203,0.5734805275883288
121,1201,0.5695766286632183,0.5775188081231895,0.5582266908534286,0.6051854136280422,0.617417868560864,0.6301398885574547,0.5990186777574923,0.5861718622147013,0.6032449776620947
122,1204,0.5645495205168723,0.5619365028833605,0.583813925694988,0.6010431976876913,0.6191007924656268,0.6286365219028646,0.6453209557483974,0.5853921297182249,0.5987911444451878
123,1205,0.4762438500948004,0.5368163929072258,0.5042242236985969,0.5525686152770503,0.573185652489357,0.5853921297182249,0.5904775676398629,0.5042242236985969,0.5522039729129824
124,2201,0.6511166047096418,0.6400669278536241,0.6686298352355698,0.688759186411363,0.6657838314792164,0.6741928550057718,0.6793582051469185,0.6857868892816806,0.6488116118446728
125,2202,0.7306255759760062,0.6925291604725253,0.7110979416938913,0.7099974953913313,0.7343835789652268,0.6945341962682232,0.7068492819672558,0.6842664638451568,0.7063146701048514
126,3101,0.6127844227074268,0.6125865577521188,0.6014875031558261,0.6028085360334472,0.5859126356603843,0.5971835430155358,0.5946031530093805,0.5832821958512296,0.5832821958512296
127,3102,0.6550573011159267,0.6418495483091453,0.6457464157055979,0.6433108438830617,0.6360903787540543,0.6483991973881867,0.6431656846999175,0.6216629013769018,0.6291401943869842
128,3103,0.6537611504390414,0.6712868483412286,0.6436005229375109,0.6597101955411482,0.6465918692859642,0.6488116118446728,0.6211194529104442,0.623630314052643,0.6382514965969798
129,3104,0.622382872800878,0.617417868560864,0.6135719370476123,0.6066686843935712,0.5987911444451878,0.6019298162160658,0.6023701546578558,0.5943651899334196,0.5981053782032808
130,3105,0.5632516643293894,0.555438218306877,0.5492372636511981,0.5477197622252026,0.5288145222947193,0.5359586862231034,0.5264715226489869,0.5372424654796595,0.5278839904202013
131,3106,0.5430219387909243,0.5350934557000678,0.5446128708156169,0.5240715101540525,0.5328965798731515,0.5477197622252026,0.5481013319356557,0.5175436149395678,0.5477197622252026
132,3107,0.4705595652558036,0.45810250192817037,0.4571494930927401,0.47702979566470294,0.44600954254719233,0.43222403291486616,0.41324930679119964,0.43585520297778035,0.44600954254719233
133,3108,0.4231922435242869,0.455215398827836,0.4609074960819605,0.47702979566470294,0.44813082101678137,0.447075884253355,0.4671579989614896,0.4860028558798977,0.4590463909219646
134,3109,0.4808682429303815,0.47139193852585465,0.45224123439450176,0.5054055030528141,0.489513391782582,0.49422725483753865,0.4778095281611794,0.44384163885946043,0.4881241343494868
135,3110,0.5221085469190464,0.5138410379750792,0.5259961692126031,0.538089128593581,0.5094320069000429,0.5259961692126031,0.4968230795745204,0.5082982513468627,0.5048166317685404
136,3111,0.46452755915233496,0.46628895680104093,0.49872607713146977,0.4754515916414661,0.46452755915233496,0.47384772464237374,0.4427395531242259,0.44493154660256334,0.45224123439450176
137,3112,0.5175436149395678,0.5409964949902344,0.5409964949902344,0.583813925694988,0.5635777328813579,0.5422167453631903,0.5532938806560853,0.5401745265072473,0.583813925694988
138,3113,0.5164998417375979,0.5048166317685404,0.5149131751304131,0.5036282361019833,0.5036282361019833,0.5059908795314416,0.5094320069000429,0.5048166317685404,0.5024253474482724
139,3114,0.5522039729129824,0.5292765168027771,0.5612722872612628,0.5414049247545389,0.548481431238954,0.5677213580332378,0.5418116702676096,0.5278839904202013,0.524556207184167
140,3115,0.507151312294195,0.5042242236985969,0.5138410379750792,0.4801124105181374,0.4754515916414661,0.4922345477272071,0.4801124105181374,0.46541218972010867,0.46628895680104093
141,3116,0.4968230795745204,0.49618049979605583,0.5477197622252026,0.5525686152770503,0.5499873482328327,0.4867150297113053,0.5127571188569223,0.5250385340481859,0.4542339415048333
142,3117,0.48161832751201616,0.4671579989614896,0.4176338351590812,0.42972679454005924,0.4571494930927401,0.49088335334880995,0.4599813329660367,0.4512295778630748,0.42845405885370386
143,3118,0.5639027270704172,0.5297363574824643,0.5909719829464664,0.5543718766007143,0.6025895888910606,0.566148188367391,0.5159737837058733,0.447075884253355,0.4393574281716806
144,3119,0.7317562533923071,0.7373908232789131,0.6973416098896568,0.6689659025015456,0.6945341962682232,0.6289725891688401,0.6234530711529384,0.7084359485744406,0.6864447759798085
145,3120,0.7922129505459343,0.7897132463107719,0.7601023715655139,0.7601023715655139,0.6917333508446973,0.7848958649879847,0.6973416098896568,0.8249006857169751,0.6813509122572501
146,3121,0.4801124105181374,0.538089128593581,0.5645495205168723,0.5819401935558871,0.5320039434900945,0.5978757258361039,0.5226029622256498,0.5677213580332378,0.5819401935558871
147,3122,0.5832821958512296,0.670188444483116,0.5170231089974083,0.720618232269879,0.723811868831127,0.6899415550303398,0.6612942486258001,0.6234530711529384,0.723811868831127
148,3123,0.5283503536868532,0.49618049979605583,0.4671579989614896,0.4845628938514617,0.4627341343429793,0.43703648233199754,0.4590463909219646,0.48528550255694874,0.4416250141793108
149,3124,0.707532409610722,0.7200868604950881,0.6517844180063939,0.6954789071195872,0.6993343169999883,0.7033608208472171,0.5950773637648272,0.7579482772826869,0.7803024009884018
150,3125,0.7601023715655139,0.7965096348354606,0.8611572942357139,0.7403090876556964,0.8400988622888501,0.7033608208472171,0.8580822670315884,0.782908089783309,0.7922129505459343
151,3126,0.6246871346677297,0.5936478366104706,0.7020101706639926,0.5511018871777479,0.7165613624292507,0.7204193031661925,0.6764990006883044,0.6267674011687595,0.6599555579740021
152,3127,0.6573482965569514,0.6433108438830617,0.5133005673233799,0.6606880042640453,0.6978435735538887,0.6089553876892047,0.7218688845245637,0.6689659025015456,0.6312935350085233
153,3128,0.6202069982337411,0.5422167453631903,0.5457894531224206,0.5409964949902344,0.6107876815017942,0.5612722872612628,0.5240715101540525,0.5536545232777653,0.5917089899655539
154,3201,0.5042242236985969,0.4778095281611794,0.4999746462987421,0.5175436149395678,0.39161231224522014,0.4161938731306451,0.39345602288138226,0.40219054453498704,0.3970431689992922
155,3202,0.4808682429303815,0.4999746462987421,0.4881241343494868,0.5099940349001274,0.673019242329662,0.6831105641268402,0.6547994299961216,0.671722807712362,0.6798601688111505
156,3203,0.4086607749438864,0.39161231224522014,0.3534627095486768,0.4671579989614896,0.6883925107208921,0.6975092151078007,0.7211467567609487,0.7123304501976262,0.6880244668343772
157,3204,0.49156126424510344,0.5274154116427812,0.48161832751201616,0.46541218972010867,0.7647413342459609,0.7646141991299994,0.7379480883043977,0.7453847101084096,0.7429852053340988
158,3205,0.4416250141793108,0.4491745942187512,0.4271646856287842,0.38781816574253397,0.7137610140287443,0.7547669500376003,0.6963299533582299,0.7618185827130058,0.7530654783805484
159,3206,0.45224123439450176,0.44493154660256334,0.4599813329660367,0.37764052182637575,0.6614150516380153,0.6669321057646483,0.6687419849317275,0.6400669278536241,0.6354641185731029
160,3207,0.42845405885370386,0.4117433897973209,0.4070825709206496,0.46628895680104093,0.661776575489819,0.6425829022237659,0.6291401943869842,0.6562094502630333,0.6220235439985818
161,3208,0.43465960473740245,0.42045218824119734,0.4416250141793108,0.4778095281611794,0.6418495483091453,0.6479850513053923,0.6317838540653227,0.6529752048691388,0.6296413079820792
162,3209,0.4929032665404461,0.4801124105181374,0.4117433897973209,0.43344933621408765,0.6246871346677297,0.64894870102191,0.6499030270981059,0.6356210567878251,0.6485368605607692
163,3210,0.4609074960819605,0.43585520297778035,0.45324262012390504,0.45810250192817037,0.6160887829460191,0.61238829507804,0.6105857660840068,0.5981053782032808,0.6111902765388619
164,3211,0.6373310950773158,0.6070884111849918,0.6202069982337411,0.5946031530093805,0.6411107010555939,0.6155136463477169,0.6550573011159267,0.637792369404246,0.649767258808061
165,3212,0.5159737837058733,0.5264715226489869,0.5401745265072473,0.5418116702676096,0.39161231224522014,0.36135777381924267,0.39161231224522014,0.40219054453498704,0.4218317302694934
166,3213,0.2529954397657207,0.2529954397657207,0.0,0.2529954397657207,0.19193610683684256,0.2529954397657207,0.30927150110555923,0.26711028408512205,0.2529954397657207
167,3301,0.6340403234832972,0.6682926190194419,0.656717228203737,0.5856527260313534,0.5780824419262865,0.5882215078545239,0.6168504519597705,0.6281302642620814,0.5514706189983617
168,3302,0.6884843075140644,0.6665890249069504,0.6682926190194419,0.6767060010730807,0.6925291604725253,0.6353069302575343,0.6338808478670787,0.5931666861581084,0.6382514965969798
169,3303,0.4393574281716806,0.4070825709206496,0.4427395531242259,0.4609074960819605,0.4754515916414661,0.4688734447588429,0.47384772464237374,0.4860028558798977,0.4590463909219646
170,3305,0.6117911046736885,0.6058238342849551,0.630305523604177,0.6298077816876629,0.6234530711529384,0.6291401943869842,0.6172290921450703,0.6299739748982435,0.6117911046736885
171,3306,0.5082982513468627,0.45810250192817037,0.5805796803010935,0.5701873776557208,0.5230949116102505,0.5536545232777653,0.5465661157741342,0.5642266539531573,0.5664648359816923
172,3307,0.5846061841483222,0.6097739454753555,0.5813982380872444,0.623983847216585,0.5856527260313534,0.6143532135849635,0.6209376359978668,0.5899806615655381,0.5864304092753052
173,3308,0.6205729936337989,0.5843428044266898,0.5887273327945713,0.605611486200476,0.6362463244737231,0.6045428338495779,0.6036794966341635,0.6072976066974367,0.6023701546578558
174,3309,0.6294745528330722,0.6399169116313307,0.6362463244737231,0.5974148107583999,0.6485368605607692,0.6373310950773158,0.5971835430155358,0.6129818915364335,0.6089553876892047
175,3310,0.6001485371581287,0.5059908795314416,0.6524477402584419,0.6194709078985644,0.6179820396727075,0.6540217467521701,0.6676147081231485,0.6356210567878251,0.6597101955411482
176,3311,0.6917333508446973,0.6764990006883044,0.6785497117092426,0.6954789071195872,0.7046153451945396,0.7250862489245535,0.6719400669348798,0.6813509122572501,0.6149351364949506
177,3312,0.7565316649961584,0.7869458656318237,0.7748749564414358,0.7497199329780665,0.7525875915584073,0.7416026884548037,0.7744920536036518,0.7915374714377547,0.7497199329780665
178,3313,0.15874795003160008,0.15874795003160008,0.15874795003160008,0.15874795003160008,0.17673135477433832,0.06836902072081637,0.17673135477433832,0.17673135477433832,0.19193610683684256
179,3314,0.22711697075241663,0.15874795003160008,0.24510037549515487,0.24510037549515487,0.22711697075241663,0.22711697075241663,0.19193610683684256,0.06836902072081637,0.22711697075241663
180,3401,0.5499873482328327,0.5368163929072258,0.5195985985838913,0.5180613885544886,0.85916133509699,0.8400988622888501,0.8172966952455488,0.8204763988324213,0.7971520153320761
181,3402,0.5190888525028907,0.5005930536356827,0.5175436149395678,0.4722173462475716,0.8180889536988831,0.8105057421376718,0.8138824812027404,0.7702190685458384,0.7657525586226431
182,3403,0.5595919119165967,0.605611486200476,0.5306496570366757,0.5499873482328327,0.7929156686209432,0.7660873426424533,0.7574023221223407,0.7803024009884018,0.7539671335867034
183,3404,0.6312935350085233,0.667841196505429,0.6317838540653227,0.5430219387909243,0.600372964210911,0.5755203330150115,0.6353069302575343,0.5363884718579759,0.5622669408712802
184,3405,0.6550573011159267,0.649767258808061,0.6436005229375109,0.6272806840988406,0.6162797523128262,0.6391633888899054,0.6345172090882075,0.6107876815017942,0.5976455375235936
185,3406,0.6911099180423473,0.6117911046736885,0.61238829507804,0.5707943681690889,0.5985630850438318,0.6356210567878251,0.6762915649711679,0.6097739454753555,0.637638850856299
186,3407,0.587202008885304,0.6091606648645339,0.6014875031558261,0.600596881780729,0.5529319145722782,0.47858314504571564,0.5042242236985969,0.5346579775218574,0.5042242236985969
187,3408,0.5698824758761631,0.5582266908534286,0.5797542725793765,0.5269445962040123,0.7184076294858296,0.7449198122463014,0.7335736629424806,0.7007218500185844,0.5983344971150013
188,3409,0.5622669408712802,0.5170231089974083,0.5936478366104706,0.5269445962040123,0.43585520297778035,0.5337812104409252,0.49872607713146977,0.48236275102399373,0.45810250192817037
189,3410,0.5686533553340711,0.5716979071328074,0.5582266908534286,0.5453988163855195,0.7565316649961584,0.7183398619481969,0.7080604793462323,0.7608541375904023,0.778107969051544
190,3412,0.2529954397657207,0.20510706216244956,0.2529954397657207,0.21672466810704374,0.26711028408512205,0.15874795003160008,0.22711697075241663,0.22711697075241663,0.2529954397657207
191,3501,0.6168504519597705,0.610989184426102,0.5861718622147013,0.6349918001264004,0.6036794966341635,0.6053986799752222,0.5803053111474242,0.5632516643293894,0.5698824758761631
192,3502,0.7935501876772124,0.7692932833840941,0.7376141072387671,0.7555138397182005,0.5701873776557208,0.5889792758361347,0.5301940643230153,0.5138410379750792,0.5154449049741715
193,3503,0.7478780833742936,0.7165613624292507,0.7235550050215244,0.7004784052702127,0.455215398827836,0.5350934557000678,0.4117433897973209,0.4935674821625439,0.7357567191991253
194,3504,0.6119905701555052,0.6091606648645339,0.587967619304708,0.5670950978522863,0.7869458656318237,0.7877540830358748,0.7646565957122745,0.7818455770263963,0.7960173785566451
195,3505,0.6265957115742451,0.6066686843935712,0.6179820396727075,0.6038960404031227,0.817022880024006,0.7952121851289111,0.7717298415680336,0.8068988684957168,0.6490855999295827
196,3506,0.748479216654805,0.7317562533923071,0.744504722113893,0.6922646033703085,0.7028069088179022,0.6861633616743813,0.7332827879244136,0.7294817869639662,0.7044593994748708
197,3507,0.6702988369368823,0.7245784709838499,0.7165613624292507,0.6322717477912337,0.6654367262043724,0.68272223430578,0.6599555579740021,0.670629274924802,0.6885760189545577
198,3508,0.5960190000060003,0.6427289209730747,0.6615357068789249,0.6612942486258001,0.5602675011820479,0.6274511865564126,0.6125865577521188,0.5278839904202013,0.673126513299609
199,3509,0.6492223090951189,0.6931437147792444,0.6775296855853504,0.6368676534394061,0.6831105641268402,0.6311295521824835,0.646872084381087,0.6234530711529384,0.6700779283402999
200,3510,0.7126182276363195,0.6560820962787245,0.6967527386053831,0.6406647214842972,0.6947927433288271,0.6775296855853504,0.6657838314792164,0.654928449827656,0.6311295521824835
201,3511,0.3858649207840168,0.3754726181386439,0.3662905840165859,0.4117433897973209,0.4404977373707318,0.4245342458196296,0.4190530775892592,0.36866746161118097,0.41473257755672854
202,3512,0.6903925647193984,0.6633280453626973,0.7127618021116617,0.7429323883865747,0.670629274924802,0.670629274924802,0.6686298352355698,0.6603224609902857,0.6234530711529384
203,3513,0.69607540961143,0.6850296061212011,0.7053140658057342,0.7135477476815643,0.6869120229319351,0.6684051525708892,0.7155902581997423,0.6737677006960389,0.6876550445031232
204,3514,0.7497199329780665,0.7739920473027199,0.669745634998022,0.7425618757265883,0.7340950860799957,0.7416026884548037,0.6985089092782713,0.5446128708156169,0.7033608208472171
205,3515,0.720618232269879,0.6884843075140644,0.6854089744624969,0.6907518935216945,0.7297236893467567,0.7060078715771155,0.6775296855853504,0.6499030270981059,0.6456047995331813
206,3516,0.7649105932272537,0.7469187324300591,0.7317562533923071,0.7390532611790244,0.7574023221223407,0.6890333014015242,0.7794304779877542,0.7425618757265883,0.6813509122572501
207,3518,0.2603051275576591,0.15874795003160008,0.279455831689012,0.2603051275576591,0.30029844089036445,0.24510037549515487,0.2603051275576591,0.2603051275576591,0.2603051275576591
208,3701,0.6579753530054128,0.6406647214842972,0.6453209557483974,0.6537611504390414,0.6600780106863704,0.6517844180063939,0.6519174398028793,0.6411107010555939,0.6418495483091453
209,3702,0.6245117823599564,0.5488600714242537,0.5874578732237072,0.6751428043754176,0.7276483578358286,0.6879322408836241,0.7302057215688792,0.7107324887113777,0.6885760189545577
210,3703,0.6368676534394061,0.6579753530054128,0.6453209557483974,0.6349918001264004,0.6679542459701187,0.6783465486154915,0.659217631984977,0.6633280453626973,0.6382514965969798
211,3704,0.7550476968508884,0.7853780234411151,0.7298444184281014,0.7288744226856053,0.6164703526564723,0.6172290921450703,0.5488600714242537,0.5819401935558871,0.5701873776557208
212,3705,0.7457961211204827,0.7376141072387671,0.7541559100024972,0.734671230516848,0.8558376168796935,0.8409826121772713,0.859567009959969,0.8042109297745057,0.7438264526266248
213,3706,0.7300252354304237,0.7570824471466014,0.7648260000426995,0.7710170959341156,0.7039900775086416,0.7126182276363195,0.6892156224278242,0.6689659025015456,0.7004784052702127
214,3707,0.7613375389226608,0.7534461277565617,0.770138909543341,0.7678265552847917,0.7717298415680336,0.7310436507950808,0.7359270253947781,0.7400374387724983,0.7021700339844721
215,3708,0.7470201572689645,0.7221953848132381,0.770459155432273,0.6898511050953959,0.6669321057646483,0.7102921502695878,0.7375583336171825,0.6964992849828979,0.7094055317412133
216,3709,0.7126182276363195,0.778107969051544,0.6719400669348798,0.7277100243880994,0.743983390841347,0.7126182276363195,0.743983390841347,0.7277100243880994,0.7579482772826869
217,3710,0.6838826670685334,0.7205519671366211,0.6856925462356125,0.7165613624292507,0.7396558690620453,0.6879322408836241,0.7280177801670826,0.6657838314792164,0.6768093385860887
218,3711,0.6525798710848242,0.6855981128658868,0.6081299799674877,0.6196554461135608,0.6653207524730289,0.6614150516380153,0.6808564969506465,0.6705192518825583,0.6954789071195872
219,3712,0.6151283503611296,0.6216629013769018,0.6176062843720146,0.6081299799674877,0.6477079846986484,0.6444644903341302,0.664972010870565,0.5292765168027771,0.6340403234832972
220,3713,0.5695766286632183,0.5619365028833605,0.5832821958512296,0.5159737837058733,0.5297363574824643,0.5904775676398629,0.6276213947904431,0.5921972862456877,0.578642873247313
221,3714,0.7530654783805484,0.820692784251148,0.7866749814323352,0.7732955196344127,0.7863353266643877,0.7703791913848091,0.7830840677909954,0.7497199329780665,0.7429852053340988
222,3715,0.6822346621456712,0.6735544343488589,0.7428795431417295,0.6995805983942179,0.6939282711244635,0.6856925462356125,0.6984259873337958,0.6399169116313307,0.5550840504321218
223,3716,0.7055458770690577,0.7018500478250218,0.6789547868048234,0.7325811680331719,0.7242597771778622,0.6849345356105693,0.7104391482806167,0.6903025276094089,0.7119695436583274
224,3717,0.735699885059181,0.7252127860132925,0.7625141212294644,0.7223256829129581,0.7225208078967589,0.7514311271472744,0.7283245786948186,0.6579753530054128,0.6993343169999883
225,3718,0.7916342521295531,0.7908248298362155,0.7799400359697333,0.7799400359697333,0.8021747676460055,0.7727503547803386,0.7869458656318237,0.742720837319647,0.7596574648700805
226,3719,0.7139738202539979,0.7507990010434681,0.7518181238071117,0.6654367262043724,0.7717298415680336,0.7126182276363195,0.7565316649961584,0.7369988559563864,0.7175229989180558
227,3720,0.7165613624292507,0.718543025041948,0.7219342711011342,0.6755620851221452,0.6667035178358178,0.6600780106863704,0.7543913735832706,0.7433541341799225,0.6797599802325573
228,3721,0.7958012415066262,0.805311753974611,0.7497199329780665,0.7958012415066262,0.7897132463107719,0.6899415550303398,0.7462058232553074,0.7213442255899554,0.7512370579314079
229,3722,0.8000956848982191,0.7755984019913706,0.8099717091756202,0.7547669500376003,0.7984845405027561,0.7922129505459343,0.8046922874117518,0.7717298415680336,0.8174209058741587
230,3723,0.637638850856299,0.6430203115753794,0.6457464157055979,0.6456047995331813,0.6582250636378835,0.6505790794167122,0.6582250636378835,0.6308007663875708,0.6286365219028646
231,3724,0.81485553026529,0.8368705348562472,0.8846789140771626,0.803155077382349,0.803155077382349,0.7574023221223407,0.8086781083765129,0.7888215066113403,0.8741148926761649
232,3725,0.6945341962682232,0.8117231549007391,0.7717298415680336,0.7317562533923071,0.7601023715655139,0.6962451784091829,0.7069254190973537,0.7848958649879847,0.6999080199302095
233,3726,0.7344987402709465,0.8000956848982191,0.7918918706818624,0.7794304779877542,0.7638479278404037,0.714186168338477,0.7122583744566445,0.7477775373440333,0.7407961782610963
234,3801,0.6021502311617418,0.5846061841483222,0.6021502311617418,0.6115912350062219,0.6229194234284473,0.6405156123899229,0.6515178350140003,0.6111902765388619,0.5755203330150115
235,3802,0.44384163885946043,0.4599813329660367,0.44493154660256334,0.46972010787276464,0.46452755915233496,0.43585520297778035,0.45810250192817037,0.4671579989614896,0.4754515916414661
236,3803,0.6865384026096616,0.6612942486258001,0.6490855999295827,0.7027275239869416,0.6647388295630418,0.6819409577684288,0.6972577003591651,0.6554428481103105,0.6875624723263195
237,3804,0.7058541137172276,0.7033608208472171,0.7095538560505837,0.6817446678585849,0.6668178780192308,0.6989224765388475,0.7085857369815782,0.7276483578358286,0.6942749697139062
238,3805,0.5957844323635977,0.6145475696028124,0.6189152126420309,0.6546702411798219,0.6155136463477169,0.5934075547690025,0.5805796803010935,0.5540138520800615,0.6062471638924657
239,3806,0.7209488918056407,0.7139738202539979,0.685219472680587,0.6756666274182532,0.7012069443429474,0.726219280942,0.7322284776199289,0.7370549467438772,0.7043032068101746
240,3807,0.7537306538590812,0.6954789071195872,0.7515280187534394,0.6899415550303398,0.6830136249080848,0.7565316649961584,0.7497199329780665,0.6954789071195872,0.7051592217438797
241,3808,0.744504722113893,0.7264068606761459,0.7165613624292507,0.6554428481103105,0.7350725385566345,0.7090337422051136,0.6304708809725683,0.7359270253947781,0.7290570249848618
242,3809,0.4867150297113053,0.5133005673233799,0.5320039434900945,0.5127571188569223,0.4722173462475716,0.5405863669683881,0.5311031550637958,0.5722957007634807,0.5059908795314416
243,3810,0.7601023715655139,0.7527312008734791,0.7154507452385137,0.7381146557188386,0.7393276303326937,0.7270295625369105,0.7272775466955529,0.7258430478838865,0.6883925107208921
244,3811,0.5884747445716594,0.5808532883743023,0.6089553876892047,0.6209376359978668,0.5734805275883288,0.5752315022166943,0.5564931550703033,0.5571902296828305,0.5550840504321218
245,3812,0.21672466810704374,0.22711697075241663,0.2365179520168612,0.20510706216244956,0.2529954397657207,0.24510037549515487,0.2529954397657207,0.21672466810704374,0.19193610683684256
246,3813,0.2365179520168612,0.22711697075241663,0.24510037549515487,0.20510706216244956,0.21672466810704374,0.2365179520168612,0.24510037549515487,0.2365179520168612,0.21672466810704374
247,3901,0.6952221547477718,0.6604444593325478,0.6671601651660043,0.7248961383989911,0.6905723927494176,0.6715050688885223,0.6553144998200541,0.6728043497672243,0.699826266384589
248,3902,0.7225208078967589,0.7216069039000476,0.76307565697552,0.7454362304267104,0.7158686935212474,0.7145390690624924,0.7674564398518541,0.7717298415680336,0.713048325616393
249,3903,0.7884891759494339,0.768113465742651,0.7440878777654658,0.7652482423276876,0.7187457705339788,0.7112437445987024,0.6738741611997839,0.7057001157981324,0.673126513299609
250,3904,0.7403090876556964,0.7150310184470932,0.7093312858610464,0.7505058785479691,0.745281588669697,0.7702591236315236,0.7547669500376003,0.7310436507950808,0.7461035571526841
251,3905,0.0,0.0,0.0,0.8854292839732953,0.0,0.8457345275000736,0.8526067349628804,0.8451552504611309,0.7904665688781795
252,3906,0.7803024009884018,0.7626872421991274,0.8000956848982191,0.7818099620604401,0.8072022357469067,0.7442444009093585,0.7647413342459609,0.7901724752946266,0.7867427722577833
253,3907,0.8122478138353474,0.8258625454822436,0.828071066675111,0.8369723996253384,0.801622673909486,0.8030115238027319,0.7806994709184427,0.7437216882544345,0.8057318979315037
254,3908,0.7838197659593302,0.7097019576506972,0.8360723584416213,0.8000956848982191,0.7698578389155282,0.7717298415680336,0.7679906062949903,0.8102924757904918,0.802058793914662
255,3909,0.7033608208472171,0.7234263218367433,0.6572224054777756,0.6609309493305723,0.6813509122572501,0.66612971955013,0.66612971955013,0.6589704247198767,0.7192843965667618
256,3910,0.7148204833679196,0.7753324863556312,0.7016093751220983,0.6886676452009463,0.6973416098896568,0.7347860566615324,0.6841706545640497,0.761687621445069,0.760942205138346
257,3911,0.7796127653195191,0.7552344184346088,0.7547669500376003,0.7643169117014996,0.6440334525885488,0.7090337422051136,0.7593895543917145,0.7033608208472171,0.6890333014015242
258,3912,0.7403090876556964,0.6890333014015242,0.72180345457381,0.7006407685120503,0.6985089092782713,0.622203372028601,0.7233619172329897,0.7154507452385137,0.6149351364949506
259,3913,0.6374850929964111,0.6191007924656268,0.6422902146287507,0.6627342106542361,0.6345172090882075,0.6241601397517088,0.6312935350085233,0.634358503266125,0.6688540072573907
260,3914,0.821434499101365,0.833300750913145,0.8746444439045379,0.83068801696648,0.8000956848982191,0.7971520153320761,0.805311753974611,0.7836450968023965,0.8284713922863304
261,3915,0.7194185947468428,0.7821300347495608,0.7861991365880127,0.7565316649961584,0.7623406958711264,0.707532409610722,0.7497199329780665,0.7393276303326937,0.7297236893467567
262,3916,0.8284713922863304,0.833300750913145,0.820692784251148,0.8117231549007391,0.8263172980035034,0.7809513220602012,0.7753324863556312,0.7785507785366379,0.8321955780385184
263,3917,0.7631617640496435,0.8229014031160143,0.8249006857169751,0.782908089783309,0.7696968667914378,0.6895792565618704,0.7927882735148973,0.7646141991299994,0.7979415906153923
264,3918,0.802492994089683,0.8532648857088012,0.7955226532704938,0.8216250074119535,0.8326008283211398,0.833300750913145,0.7694952815033187,0.8743103214211074,0.8400988622888501
265,3919,0.8602930464631575,0.8191436281331118,0.858704989583697,0.824346810716535,0.8335118718138332,0.8106653898344794,0.8180889536988831,0.8072022357469067,0.7666704942819516
266,3920,0.8355159666031992,0.8400988622888501,0.8629573223836331,0.8633165373930082,0.83068801696648,0.8180889536988831,0.8592426036581867,0.8693192094748049,0.8494998435532948
267,4001,0.7165613624292507,0.7792112875705649,0.7466647131108224,0.8170478037505177,0.7336897731938454,0.7446605856919845,0.7568533282348809,0.7291785723165021,0.7229746039847575
268,4002,0.7689286410200262,0.7453331628654573,0.7207506291315618,0.739874089609339,0.7264068606761459,0.7198868557348168,0.7385574652039325,0.7058541137172276,0.7367741732917057
269,4003,0.7583105757511565,0.7390532611790244,0.7317562533923071,0.7173861949472428,0.7608541375904023,0.7218688845245637,0.7116798646038783,0.7543913735832706,0.6841706545640497
270,4004,0.7210148909028802,0.7094055317412133,0.6755620851221452,0.6857868892816806,0.711170870086969,0.6876550445031232,0.7067730860212926,0.6616562147096072,0.7042250176287957
271,4005,0.781453103324059,0.8337435840653141,0.8086781083765129,0.819897039474256,0.7877540830358748,0.8117231549007391,0.8086781083765129,0.8341215793434597,0.8430527115464845
272,4006,0.8090301371408118,0.822406987809411,0.7874854123974555,0.8027814026201491,0.7987548987729203,0.8139596508354245,0.8041257399199419,0.8042960461155945,0.7702190685458384
273,4007,0.8800921756215554,0.8312506614990857,0.807422281899841,0.8400988622888501,0.856374319565664,0.8800921756215554,0.8602930464631575,0.8561231037566913,0.813029606412801
274,4008,0.8197516663497179,0.7848958649879847,0.7930428993991705,0.7733731549372355,0.7684811285515729,0.7761658185924641,0.7818099620604401,0.7064677122568027,0.7871485416904177
275,4009,0.8117231549007391,0.7869458656318237,0.7884891759494339,0.7848958649879847,0.8163224464135878,0.8163224464135878,0.7897132463107719,0.7833299107275973,0.8980755803642938
276,4010,0.7686847950438075,0.8344563633632698,0.8209566122792239,0.7877540830358748,0.7848958649879847,0.8099717091756202,0.8194116268452459,0.8099717091756202,0.7547669500376003
277,4011,0.7424557588286235,0.726656413363709,0.6980936006767268,0.746001184909821,0.7331078502838583,0.7198200972570439,0.7027275239869416,0.6892156224278242,0.658474143687278
278,4012,0.6936674451096013,0.7108788324283485,0.6715050688885223,0.7188132598606928,0.645887828844006,0.6973416098896568,0.6723731549946416,0.6950506144486321,0.7219342711011342
279,4013,0.6688540072573907,0.6750377051143878,0.6650883951284864,0.6891245040406104,0.6650883951284864,0.7068492819672558,0.6991697871083873,0.7174546206503992,0.7143980602505652
280,4014,0.7769921692890918,0.7328155963007298,0.7748749564414358,0.7677033377208049,0.6935803496097751,0.7451267040833396,0.7281406141146439,0.7218688845245637,0.719552610592384
281,4015,0.7803024009884018,0.7732955196344127,0.744504722113893,0.7748749564414358,0.7427737676386763,0.7700988056000586,0.7626872421991274,0.7134765563055799,0.7124024733093653
282,4016,0.6091606648645339,0.48161832751201616,0.5453988163855195,0.4491745942187512,0.4831015982775451,0.4271646856287842,0.4491745942187512,0.42972679454005924,0.4974615002314332
283,4301,0.5164998417375979,0.518576458378421,0.5164998417375979,0.5499873482328327,0.5226029622256498,0.5005930536356827,0.5159737837058733,0.5226029622256498,0.5350934557000678
284,4302,0.45810250192817037,0.4427395531242259,0.4512295778630748,0.5363884718579759,0.47858314504571564,0.5149131751304131,0.4599813329660367,0.4416250141793108,0.4874220983100757
285,4303,0.6952221547477718,0.6192860237823067,0.6612942486258001,0.6337211139906399,0.6855035889993866,0.6828194601856526,0.6936674451096013,0.6531066314670569,0.6908415215579792
286,4304,0.5766672720676793,0.5936478366104706,0.5816695880441964,0.6101806909884261,0.5457894531224206,0.5827475839888253,0.5929252279049836,0.5737745237736306,0.5897312666232049
287,4305,0.7275866527057935,0.6577250085889313,0.687191312350658,0.7278332419520863,0.7137610140287443,0.7386678576576989,0.6750377051143878,0.6750377051143878,0.7245784709838499
288,4306,0.5780824419262865,0.5698824758761631,0.5337812104409252,0.5575369282722731,0.5592523740696265,0.5722957007634807,0.5946031530093805,0.5686533553340711,0.5461785488819959
289,4307,0.6902124082361738,0.6453209557483974,0.6785497117092426,0.6374850929964111,0.7033608208472171,0.6965838419080459,0.5763817851906813,0.6886676452009463,0.6781429661961721
290,4308,0.7522036080188906,0.6950506144486321,0.7642318076003233,0.7108056877107627,0.7466647131108224,0.7174546206503992,0.7283245786948186,0.6985089092782713,0.6798601688111505
291,4309,0.7464610255895081,0.7748749564414358,0.72180345457381,0.7165613624292507,0.7497199329780665,0.7547669500376003,0.7306854095520869,0.7060078715771155,0.7113893322961959
292,4310,0.7416026884548037,0.7042250176287957,0.726656413363709,0.7419768149017283,0.7226506771020175,0.7078345098381343,0.711170870086969,0.6970055426236811,0.7188132598606928
293,4311,0.7269674689578095,0.6900319220977185,0.6843621801526625,0.7502118823626672,0.6957349928899468,0.6809555784729353,0.6802599085564235,0.6763953373606918,0.6928808030807729
294,4312,0.5082982513468627,0.45810250192817037,0.5328965798731515,0.5221085469190464,0.5477197622252026,0.5320039434900945,0.5059908795314416,0.5159737837058733,0.4671579989614896
295,4313,0.48236275102399373,0.5138410379750792,0.5311031550637958,0.5195985985838913,0.5414049247545389,0.5514706189983617,0.5430219387909243,0.5629245142877068,0.5024253474482724
296,4314,0.6540217467521701,0.6841706545640497,0.7033608208472171,0.7601023715655139,0.6973416098896568,0.780771494030182,0.747273264021001,0.6781429661961721,0.7369988559563864
297,4315,0.4874220983100757,0.5585697717111264,0.524556207184167,0.5201057238508429,0.6062471638924657,0.604971685164906,0.604971685164906,0.5469521657665322,0.6259059489930896
298,4316,0.5250385340481859,0.5680330033071699,0.5430219387909243,0.5884747445716594,0.49809581526087576,0.5917089899655539,0.5766672720676793,0.5752315022166943,0.605611486200476
299,4317,0.7190827563320183,0.744504722113893,0.7124744438686653,0.7116798646038783,0.6711775567542637,0.653237883179231,0.6917333508446973,0.670629274924802,0.6747217337374734
300,4318,0.6202069982337411,0.6474301376215592,0.538089128593581,0.6521829464158045,0.6121896330830993,0.6017089076194835,0.6695234825456805,0.5658305209522496,0.538089128593581
301,4319,0.6671601651660043,0.6265957115742451,0.6993343169999883,0.7033608208472171,0.6540217467521701,0.7092569840517744,0.710144932858461,0.7326398273552364,0.6652046422216641
302,4320,0.7717298415680336,0.8117231549007391,0.6945341962682232,0.7742231344380441,0.6985089092782713,0.7497199329780665,0.6370223760548877,0.6036794966341635,0.7631617640496435
303,4321,0.7041467664171197,0.7202864605236959,0.6910205336708979,0.7213442255899554,0.6509824977588072,0.637792369404246,0.6440334525885488,0.5511018871777479,0.6633280453626973
304,4322,0.768277040651026,0.8095154966900419,0.8000956848982191,0.7530654783805484,0.7317562533923071,0.6234530711529384,0.6234530711529384,0.6764990006883044,0.632918541237689
305,4323,0.6155136463477169,0.6572224054777756,0.6047574925787925,0.5803053111474242,0.6133756471377684,0.6474301376215592,0.5808532883743023,0.5511018871777479,0.6194709078985644
306,4324,0.38781816574253397,0.3587956649079676,0.3587956649079676,0.38781816574253397,0.3970431689992922,0.3897334812073538,0.3561652250988131,0.3250870021605657,0.3561652250988131
307,4325,0.6414069044227692,0.5921972862456877,0.5346579775218574,0.55993028496592,0.5561427616391399,0.5866882803951102,0.6234530711529384,0.5692698301354825,0.5909719829464664
308,4326,0.17673135477433832,0.19193610683684256,0.136738041441633,0.136738041441633,0.136738041441633,0.24510037549515487,0.15874795003160008,0.15874795003160008,0.2365179520168612
309,4328,0.17673135477433832,0.15874795003160008,0.06836902072081637,0.06836902072081637,0.10836233405352187,0.06836902072081637,0.15874795003160008,0.10836233405352187,0.21672466810704374
310,4330,0.15874795003160008,0.0,0.15874795003160008,0.10836233405352187,0.19193610683684256,0.10836233405352187,0.17673135477433832,0.10836233405352187,0.19193610683684256
311,4332,0.06836902072081637,0.21672466810704374,0.136738041441633,0.2365179520168612,0.19193610683684256,0.21672466810704374,0.19193610683684256,0.2365179520168612,0.06836902072081637
312,4333,0.06836902072081637,0.06836902072081637,0.15874795003160008,0.2365179520168612,0.06836902072081637,0.06836902072081637,0.17673135477433832,0.2365179520168612,0.21672466810704374
313,4401,0.6564636659891776,0.6521829464158045,0.6117911046736885,0.6640359597445603,0.623630314052643,0.6660145582444101,0.643889353735828,0.6060357261970433,0.6017089076194835
314,4402,0.7411195741152076,0.661776575489819,0.7247056607463409,0.7080604793462323,0.6988399016933848,0.723811868831127,0.6694122184085078,0.6657838314792164,0.6823323695802527
315,4403,0.8400988622888501,0.7848958649879847,0.7669193648441183,0.6676147081231485,0.8153131191397373,0.7537306538590812,0.7601023715655139,0.6881166066328985,0.7285082008027253
316,4404,0.7922129505459343,0.7803024009884018,0.8163224464135878,0.8095154966900419,0.723811868831127,0.7821300347495608,0.6890333014015242,0.714186168338477,0.747273264021001
317,4501,0.36135777381924267,0.3858649207840168,0.3970431689992922,0.39345602288138226,0.3534627095486768,0.4005044240380264,0.3858649207840168,0.3858649207840168,0.39345602288138226
318,4502,0.4190530775892592,0.42045218824119734,0.3638550121940497,0.3970431689992922,0.42585823411672213,0.40384832552675504,0.39345602288138226,0.3732559934584943,0.34488028607038307
319,4503,0.2954859914732332,0.3174959000632002,0.2850936888278603,0.338713550199833,0.2904266441871511,0.30488697273767773,0.30029844089036445,0.30488697273767773,0.2954859914732332
320,4504,0.279455831689012,0.338713550199833,0.30927150110555923,0.35068405686844273,0.2904266441871511,0.2954859914732332,0.30927150110555923,0.30029844089036445,0.2954859914732332
321,4505,0.3534627095486768,0.381838416936788,0.37764052182637575,0.36135777381924267,0.35068405686844273,0.38781816574253397,0.338713550199833,0.3587956649079676,0.3478248524098286
322,4506,0.2603051275576591,0.30927150110555923,0.30927150110555923,0.2904266441871511,0.2734760828832661,0.279455831689012,0.30029844089036445,0.3134693962159714,0.30488697273767773
323,4507,0.2529954397657207,0.2734760828832661,0.34488028607038307,0.2734760828832661,0.24510037549515487,0.19193610683684256,0.26711028408512205,0.2904266441871511,0.3134693962159714
324,4508,0.10836233405352187,0.20510706216244956,0.15874795003160008,0.10836233405352187,0.2734760828832661,0.20510706216244956,0.2365179520168612,0.20510706216244956,0.20510706216244956
325,4509,0.2954859914732332,0.30927150110555923,0.22711697075241663,0.2529954397657207,0.279455831689012,0.26711028408512205,0.3354793048059385,0.2904266441871511,0.3134693962159714
326,4511,0.17673135477433832,0.15874795003160008,0.136738041441633,0.15874795003160008,0.19193610683684256,0.136738041441633,0.17673135477433832,0.17673135477433832,0.17673135477433832
327,4512,0.17673135477433832,0.06836902072081637,0.17673135477433832,0.06836902072081637,0.20510706216244956,0.22711697075241663,0.20510706216244956,0.10836233405352187,0.19193610683684256
328,4601,0.26711028408512205,0.2954859914732332,0.279455831689012,0.2850936888278603,0.2734760828832661,0.2529954397657207,0.2603051275576591,0.2734760828832661,0.2954859914732332
329,4602,0.17673135477433832,0.136738041441633,0.22711697075241663,0.2603051275576591,0.279455831689012,0.21672466810704374,0.24510037549515487,0.136738041441633,0.2904266441871511
330,4603,0.30029844089036445,0.24510037549515487,0.3321354033172098,0.30029844089036445,0.2529954397657207,0.2529954397657207,0.37098840745086414,0.3174959000632002,0.3321354033172098
331,4604,0.2954859914732332,0.30927150110555923,0.21672466810704374,0.21672466810704374,0.26711028408512205,0.30029844089036445,0.20510706216244956,0.20510706216244956,0.24510037549515487
332,4605,0.2529954397657207,0.2365179520168612,0.2734760828832661,0.2365179520168612,0.15874795003160008,0.2603051275576591,0.2603051275576591,0.2603051275576591,0.3286741482784757
333,4606,0.136738041441633,0.20510706216244956,0.20510706216244956,0.24510037549515487,0.2603051275576591,0.2603051275576591,0.17673135477433832,0.06836902072081637,0.17673135477433832
334,4607,0.24510037549515487,0.136738041441633,0.2529954397657207,0.136738041441633,0.279455831689012,0.21672466810704374,0.21672466810704374,0.19193610683684256,0.24510037549515487
335,4608,0.30927150110555923,0.26711028408512205,0.34184510360408266,0.20510706216244956,0.279455831689012,0.3174959000632002,0.3354793048059385,0.2603051275576591,0.24510037549515487
336,4609,0.3321354033172098,0.3321354033172098,0.20510706216244956,0.279455831689012,0.279455831689012,0.30029844089036445,0.30029844089036445,0.2529954397657207,0.36135777381924267
337,4610,0.3354793048059385,0.30488697273767773,0.30488697273767773,0.3250870021605657,0.3754726181386439,0.3534627095486768,0.34184510360408266,0.3250870021605657,0.4102141243248991
338,4612,0.17673135477433832,0.24510037549515487,0.17673135477433832,0.21672466810704374,0.17673135477433832,0.26711028408512205,0.24510037549515487,0.21672466810704374,0.21672466810704374
339,9001,0.6676147081231485,0.6047574925787925,0.5797542725793765,0.5843428044266898,0.6554428481103105,0.6281302642620814,0.5746512908545629,0.6281302642620814,0.6119905701555052
340,9002,0.6544113548182242,0.6008202921755493,0.5967193744076698,0.6397666668998521,0.6227408973215308,0.6587225963303422,0.41473257755672854,0.5206102551153182,0.5808532883743023
341,9003,0.5808532883743023,0.5397609592466712,0.46972010787276464,0.5582266908534286,0.5138410379750792,0.44493154660256334,0.39878897824067305,0.39345602288138226,0.5461785488819959
342,9004,0.5453988163855195,0.5522039729129824,0.5532938806560853,0.3732559934584943,0.6023701546578558,0.5216116408447216,0.5320039434900945,0.5127571188569223,0.5235844195486525
343,9005,0.5763817851906813,0.6319467536021744,0.6579753530054128,0.6962451784091829,0.524556207184167,0.645887828844006,0.669745634998022,0.6993343169999883,0.6593410036672829
